state,winner_party,winner_caucus,winner_name,winner_projected,runner_up_party,runner_up_name,runner_up_projected,winner_margin,dem_name,dem_projected,rep_name,rep_projected,dem_margin,flip,incumbent_party
AK,D,D,Mary S. Peltola,48.9,R,Dan Sullivan,46.0,2.9,Mary S. Peltola,48.9,Dan Sullivan,46.0,2.9,True,R
AR,R,R,Tom Cotton,58.8,D,Hallie Shoffner,36.4,22.4,Hallie Shoffner,36.4,Tom Cotton,58.8,-22.4,False,R
FL,R,R,Ashley Moody,47.2,D,Alexander Vindman,44.5,2.7,Alexander Vindman,44.5,Ashley Moody,47.2,-2.7,False,R
GA,D,D,Jon Ossoff,50.4,R,Mike Collins,44.6,5.8,Jon Ossoff,50.4,Mike Collins,44.6,5.8,False,D
IA,R,R,Ashley Hinson,47.1,D,Josh Turek,45.8,1.3,Josh Turek,45.8,Ashley Hinson,47.1,-1.3,False,R
ID,R,R,James E. Risch,54.5,D,David Roth,26.1,28.4,David Roth,26.1,James E. Risch,54.5,-28.4,False,R
KS,R,R,Roger Marshall,50.9,D,Patrick Schmidt,44.9,6.0,Patrick Schmidt,44.9,Roger Marshall,50.9,-6.0,False,R
KY,R,R,Andy Barr,51.5,D,Charles Booker,38.1,13.4,Charles Booker,38.1,Andy Barr,51.5,-13.4,False,R
MA,D,D,Edward J. Markey,57.6,R,John Deaton,30.4,27.2,Edward J. Markey,57.6,John Deaton,30.4,27.2,False,D
ME,D,D,Graham Platner,50.0,R,Susan M. Collins,44.6,5.4,Graham Platner,50.0,Susan M. Collins,44.6,5.4,True,R
MI,D,D,Abdul El-Sayed,47.2,R,Mike Rogers,43.4,3.8,Abdul El-Sayed,47.2,Mike Rogers,43.4,3.8,False,D
MN,D,D,Angie Craig,51.6,R,Michele Tafoya,43.9,7.7,Angie Craig,51.6,Michele Tafoya,43.9,7.7,False,D
MS,R,R,Cindy Hyde-Smith,44.9,D,Scott Colom,39.9,5.0,Scott Colom,39.9,Cindy Hyde-Smith,44.9,-5.0,False,R
MT,R,R,Kurt Alme,49.2,D,Alani Bankhead,28.7,20.5,Alani Bankhead,28.7,Kurt Alme,49.2,-20.5,False,R
NC,D,D,Roy A. Cooper,49.5,R,Michael Whatley,40.6,8.9,Roy A. Cooper,49.5,Michael Whatley,40.6,8.9,True,R
NE,R,R,Pete Ricketts,45.5,I,Dan Osborn,45.1,0.4,,,Pete Ricketts,45.5,,False,R
NH,D,D,Chris Pappas,48.7,R,John E. Sununu,42.9,5.8,Chris Pappas,48.7,John E. Sununu,42.9,5.8,False,D
OH,D,D,Sherrod Brown,48.2,R,Jon Husted,46.5,1.7,Sherrod Brown,48.2,Jon Husted,46.5,1.7,True,R
SC,R,R,Lindsey Graham,48.0,D,Annie Andrews,42.3,5.7,Annie Andrews,42.3,Lindsey Graham,48.0,-5.7,False,R
SD,R,R,Mike Rounds,47.0,D,Julian Beaudion,23.3,23.7,Julian Beaudion,23.3,Mike Rounds,47.0,-23.7,False,R
TX,R,R,Ken Paxton,45.7,D,James Talarico,45.5,0.2,James Talarico,45.5,Ken Paxton,45.7,-0.2,False,R
