district,dem_margin
AK-01,-15.5200
AL-01,-28.7800
AL-02,-31.1500
AL-03,-31.5500
AL-04,-60.1000
AL-05,-32.9900
AL-06,-47.4400
AL-07,41.4800
AR-01,-31.5600
AR-02,-11.2000
AR-03,-32.3600
AR-04,-30.6900
AZ-01,-3.7900
AZ-02,0.5400
AZ-03,25.8200
AZ-04,-41.2400
AZ-05,-26.0800
AZ-06,-15.8100
AZ-07,45.4700
AZ-08,-24.6100
AZ-09,10.1300
CA-01,-23.8800
CA-10,-2.2000
CA-11,39.9600
CA-12,71.1100
CA-13,75.6200
CA-14,51.0900
CA-15,38.0700
CA-16,15.4400
CA-17,46.0600
CA-18,43.5200
CA-19,44.1300
CA-02,39.3500
CA-20,41.2800
CA-21,8.6500
CA-22,-16.7000
CA-23,-28.4100
CA-24,11.7600
CA-25,-1.5400
CA-26,12.6600
CA-27,29.0200
CA-28,42.7400
CA-29,54.5900
CA-03,6.7400
CA-30,34.8200
CA-31,14.2400
CA-32,31.6200
CA-33,30.2400
CA-34,67.0300
CA-35,34.2800
CA-36,1.5300
CA-37,70.3500
CA-38,31.8200
CA-39,-0.9000
CA-04,-21.2700
CA-40,63.3000
CA-41,21.6900
CA-42,-18.3900
CA-43,55.6500
CA-44,66.2700
CA-45,-5.7300
CA-46,28.7500
CA-47,23.2700
CA-48,-8.1600
CA-49,-2.5700
CA-05,38.8800
CA-50,-22.9200
CA-51,41.0800
CA-52,11.7600
CA-53,26.3300
CA-06,38.3400
CA-07,3.5300
CA-08,-20.0400
CA-09,12.9300
CO-01,39.0000
CO-02,15.1300
CO-03,-15.2200
CO-04,-26.9600
CO-05,-28.0400
CO-06,2.3800
CO-07,7.6900
CT-01,19.6100
CT-02,1.3100
CT-03,14.0600
CT-04,13.9900
CT-05,0.4100
DE-01,12.1300
FL-01,-44.2500
FL-10,20.0900
FL-11,-33.2700
FL-12,-20.1800
FL-13,0.4200
FL-14,12.3200
FL-15,-13.8100
FL-16,-15.2800
FL-17,-28.8400
FL-18,-12.6500
FL-19,-27.2700
FL-02,-39.1900
FL-20,57.9700
FL-21,14.8900
FL-22,9.6900
FL-23,19.9200
FL-24,63.7100
FL-25,-9.6800
FL-26,9.4200
FL-27,10.0200
FL-03,-20.8400
FL-04,-35.0300
FL-05,21.0600
FL-06,-18.4800
FL-07,-0.4100
FL-08,-23.9100
FL-09,7.3900
GA-01,-21.3200
GA-10,-32.3500
GA-11,-35.0700
GA-12,-21.4200
GA-13,36.0900
GA-14,-57.5700
GA-02,7.0000
GA-03,-38.5300
GA-04,44.9100
GA-05,64.9600
GA-06,-15.4800
GA-07,-18.2000
GA-08,-33.9100
GA-09,-64.4300
HI-01,35.7300
HI-02,36.5200
IA-01,-2.8400
IA-02,-3.4400
IA-03,-6.0000
IA-04,-25.8700
ID-01,-37.2100
ID-02,-27.6000
IL-01,51.4600
IL-10,21.1200
IL-11,17.4700
IL-12,-13.2600
IL-13,-7.6800
IL-14,-9.8500
IL-15,-44.8000
IL-16,-17.9700
IL-17,1.2900
IL-18,-29.9500
IL-02,55.8600
IL-03,10.7100
IL-04,62.9900
IL-05,38.4500
IL-06,-1.9800
IL-07,72.9400
IL-08,16.0400
IL-09,36.6900
IN-01,15.2700
IN-02,-21.2300
IN-03,-33.4300
IN-04,-31.8900
IN-05,-14.5300
IN-06,-35.7500
IN-07,23.3000
IN-08,-29.8700
IN-09,-24.5400
KS-01,-44.5400
KS-02,-16.9000
KS-03,-2.5800
KS-04,-26.9100
KY-01,-39.9400
KY-02,-32.1700
KY-03,18.1400
KY-04,-29.6300
KY-05,-54.8600
KY-06,-10.8900
LA-01,-42.9100
LA-02,52.4400
LA-03,-36.9500
LA-04,-22.7800
LA-05,-27.6900
LA-06,-34.1900
MA-01,20.8500
MA-02,16.5700
MA-03,17.5100
MA-04,18.5800
MA-05,36.9700
MA-06,12.6600
MA-07,67.8500
MA-08,20.1500
MA-09,8.3900
MD-01,-29.8900
MD-02,22.3700
MD-03,24.9400
MD-04,54.1700
MD-05,29.3100
MD-06,10.9400
MD-07,51.7700
MD-08,28.3400
ME-01,12.9900
ME-02,-8.0300
MI-01,-14.2900
MI-10,-22.7700
MI-11,-1.9700
MI-12,31.1400
MI-13,65.3900
MI-14,62.8100
MI-02,-13.3400
MI-03,-5.9500
MI-04,-16.5500
MI-05,13.0000
MI-06,-3.3100
MI-07,-9.6400
MI-08,-2.7400
MI-09,13.0300
MN-01,-11.5800
MN-02,-2.8900
MN-03,4.4100
MN-04,27.5100
MN-05,51.3100
MN-06,-24.2300
MN-07,-25.8900
MN-08,-10.6800
MO-01,54.2700
MO-02,-17.4600
MO-03,-39.7800
MO-04,-37.4400
MO-05,10.1100
MO-06,-33.5200
MO-07,-47.9200
MO-08,-52.5000
MS-01,-29.3200
MS-02,31.1100
MS-03,-22.2800
MS-04,-38.7000
MT-01,-18.3600
NC-01,11.4400
NC-10,-36.7100
NC-11,-16.3100
NC-12,35.6300
NC-13,-35.2700
NC-02,20.4800
NC-03,-23.2500
NC-04,30.4200
NC-05,-34.6500
NC-06,19.3400
NC-07,-19.2900
NC-08,-8.4500
NC-09,-11.4500
ND-01,-33.9600
NE-01,-20.6500
NE-02,-4.7500
NE-03,-51.4100
NH-01,-3.3100
NH-02,2.0600
NJ-01,22.2500
NJ-10,69.6800
NJ-11,-7.0900
NJ-12,29.0200
NJ-02,-4.9300
NJ-03,-7.1600
NJ-04,-17.5700
NJ-05,-6.2900
NJ-06,13.8600
NJ-07,-5.8900
NJ-08,51.0000
NJ-09,28.8500
NM-01,15.3200
NM-02,-9.9700
NM-03,15.4200
NV-01,25.8600
NV-02,-15.4200
NV-03,-4.9100
NV-04,2.3200
NY-01,-9.9600
NY-10,53.7100
NY-11,-7.0200
NY-12,62.7500
NY-13,85.3600
NY-14,57.2100
NY-15,87.8800
NY-16,49.0200
NY-17,16.6300
NY-18,-1.7500
NY-19,-4.3900
NY-02,-6.5200
NY-20,13.8700
NY-21,-9.1600
NY-22,-12.4000
NY-23,-12.2000
NY-24,5.7800
NY-25,15.4600
NY-26,20.9800
NY-27,-22.4300
NY-03,3.0100
NY-04,8.9700
NY-05,73.4500
NY-06,32.2700
NY-07,74.6300
NY-08,71.4500
NY-09,67.6000
OH-01,-8.1100
OH-10,-7.1700
OH-11,62.2200
OH-12,-12.7200
OH-13,11.8200
OH-14,-10.4500
OH-15,-13.8300
OH-16,-15.5700
OH-02,-16.1000
OH-03,37.3600
OH-04,-28.8500
OH-05,-21.7300
OH-06,-34.3900
OH-07,-24.7200
OH-08,-33.3200
OH-09,25.2900
OK-01,-27.7000
OK-02,-43.3100
OK-03,-49.1200
OK-04,-34.3700
OK-05,-13.0900
OR-01,17.1300
OR-02,-22.6500
OR-03,44.2300
OR-04,-1.5700
OR-05,0.0700
PA-01,-0.8600
PA-10,-10.8700
PA-11,-27.4500
PA-12,-35.2600
PA-13,-44.7400
PA-14,-27.9800
PA-15,-40.6000
PA-16,-17.6700
PA-17,-5.9600
PA-18,25.0200
PA-02,47.7600
PA-03,81.0900
PA-04,14.5700
PA-05,25.2900
PA-06,4.5400
PA-07,0.3400
PA-08,-5.1600
PA-09,-30.7500
RI-01,33.0300
RI-02,16.5700
SC-01,-18.0400
SC-02,-21.6400
SC-03,-38.7900
SC-04,-29.0700
SC-05,-19.4400
SC-06,35.3400
SC-07,-19.2400
SD-01,-28.1900
TN-01,-57.2300
TN-02,-39.2200
TN-03,-36.3400
TN-04,-41.6900
TN-05,13.2400
TN-06,-49.3200
TN-07,-40.6200
TN-08,-38.2800
TN-09,54.0900
TX-01,-51.4400
TX-10,-18.5400
TX-11,-64.3200
TX-12,-37.4400
TX-13,-67.8300
TX-14,-25.4800
TX-15,10.7100
TX-16,31.4000
TX-17,-24.9100
TX-18,49.9500
TX-19,-54.3100
TX-02,-21.0000
TX-20,18.5000
TX-21,-19.6700
TX-22,-19.4400
TX-23,-4.3400
TX-24,-17.3100
TX-25,-22.9900
TX-26,-35.5800
TX-27,-28.8300
TX-28,14.6900
TX-29,35.8300
TX-03,-25.1800
TX-30,55.1100
TX-31,-21.2600
TX-32,-9.6300
TX-33,42.2100
TX-34,16.1200
TX-35,26.2000
TX-36,-52.5000
TX-04,-57.5400
TX-05,-34.5900
TX-06,-19.6000
TX-07,-11.8900
TX-08,-56.3900
TX-09,54.4000
UT-01,-39.4000
UT-02,-24.4400
UT-03,-37.7300
UT-04,-18.9600
VA-01,-9.9100
VA-10,8.6700
VA-11,36.8900
VA-02,-0.6500
VA-03,35.1800
VA-04,23.8700
VA-05,-7.2500
VA-06,-20.8000
VA-07,-5.4700
VA-08,48.8100
VA-09,-35.2600
VT-01,23.9300
WA-01,14.4400
WA-10,12.6500
WA-02,21.7100
WA-03,-5.5000
WA-04,-22.6100
WA-05,-12.0400
WA-06,13.1500
WA-07,65.7800
WA-08,2.5500
WA-09,43.8800
WI-01,-12.8400
WI-02,32.5900
WI-03,-3.9100
WI-04,47.4600
WI-05,-25.8200
WI-06,-18.2700
WI-07,-19.2000
WI-08,-17.5400
WV-01,-33.3000
WV-02,-28.3200
WV-03,-40.1100
WY-01,-44.5600
