district,dem_votes,rep_votes,other_votes,two_party_margin,contested,incumbent_party
AK-01,0,149779,131199,,0,R
AL-01,89226,153228,0,-26.3976,1,R
AL-02,86931,138879,0,-23.0052,1,R
AL-03,83996,147770,0,-27.5165,1,R
AL-04,46492,184255,0,-59.7031,1,R
AL-05,101388,159063,0,-22.1443,1,R
AL-06,85644,192542,0,-38.4268,1,R
AL-07,185010,0,0,,0,D
AR-01,57907,138757,4581,-41.1107,1,R
AR-02,116135,132125,5193,-6.4408,1,R
AR-03,74952,148717,6039,-32.9795,1,R
AR-04,63984,136740,4168,-36.2468,1,R
AZ-01,143240,122784,65,7.6895,1,D
AZ-02,161000,133083,69,9.4929,1,
AZ-03,114650,64868,0,27.7309,1,D
AZ-04,84521,188842,3672,-38.1621,1,R
AZ-05,127027,186037,0,-18.8492,1,R
AZ-06,140559,173140,0,-10.3861,1,R
AZ-07,113044,0,19007,,0,D
AZ-08,135569,168835,13,-10.9282,1,R
AZ-09,159583,101662,0,22.1711,1,
CA-01,131548,160046,0,-9.7732,1,R
CA-02,243081,72576,0,54.0159,1,D
CA-03,134875,97376,0,16.1459,1,D
CA-04,156253,184401,0,-8.2629,1,R
CA-05,205860,0,55158,,0,D
CA-06,201939,0,0,,0,D
CA-07,155016,126601,0,10.0899,1,D
CA-08,0,170785,0,,0,R
CA-09,113414,87349,0,12.9830,1,D
CA-10,115945,105955,0,4.5020,1,R
CA-11,204369,71312,0,48.2648,1,D
CA-12,275292,41780,0,73.6464,1,D
CA-13,260580,0,34257,,0,D
CA-14,211384,55439,0,58.4451,1,D
CA-15,177989,65940,0,45.9351,1,D
CA-16,82266,60693,0,15.0903,1,D
CA-17,159105,52057,0,50.6947,1,D
CA-18,225142,77096,0,48.9833,1,D
CA-19,162496,57823,0,47.5097,1,D
CA-20,183677,0,42044,,0,D
CA-21,57239,56377,0,0.7587,1,R
CA-22,105136,117243,0,-5.4443,1,R
CA-23,74661,131113,0,-27.4340,1,R
CA-24,166550,117881,0,17.1110,1,D
CA-25,133209,111813,0,8.7323,1,R
CA-26,158216,97210,0,23.8840,1,D
CA-27,202636,0,0,,0,D
CA-28,196662,54272,0,56.7440,1,D
CA-29,124697,29995,0,61.2197,1,D
CA-30,191573,69420,0,46.8032,1,D
CA-31,110143,77352,0,17.4890,1,D
CA-32,121759,55272,0,37.5567,1,D
CA-33,219091,93769,0,40.0569,1,D
CA-34,110195,0,41711,,0,D
CA-35,103420,45604,0,38.7964,1,D
CA-36,122169,84839,0,18.0331,1,D
CA-37,210555,25823,0,78.1511,1,D
CA-38,139188,62968,0,37.7036,1,D
CA-39,126002,118391,0,3.1142,1,
CA-40,93938,0,27511,,0,D
CA-41,108227,58021,0,30.1995,1,D
CA-42,100892,131040,0,-12.9986,1,R
CA-43,152272,43780,0,55.3384,1,D
CA-44,143322,0,0,,0,D
CA-45,158906,146383,0,4.1020,1,R
CA-46,102278,45638,0,38.2920,1,D
CA-47,143354,77682,0,29.7110,1,D
CA-48,157837,136899,0,7.1040,1,R
CA-49,166453,128577,0,12.8380,1,
CA-50,125448,134362,0,-3.4310,1,R
CA-51,109527,44301,0,42.4019,1,D
CA-52,188992,107015,0,27.6943,1,D
CA-53,185667,83127,0,38.1482,1,D
CO-01,272886,85207,11622,52.4107,1,D
CO-02,259608,144901,26256,28.3571,1,
CO-03,146426,173205,16570,-8.3781,1,R
CO-04,145544,224038,38,-21.2386,1,R
CO-05,126848,184002,11866,-18.3864,1,R
CO-06,187639,148685,10498,11.5823,1,R
CO-07,204260,119734,14073,26.0888,1,D
CT-01,175087,96024,3029,29.1626,1,D
CT-02,179731,102483,6900,27.3721,1,D
CT-03,174572,95667,0,29.1982,1,D
CT-04,168726,106921,0,22.4218,1,D
CT-05,151225,119426,13,11.7491,1,
DE-01,227353,125384,417,28.9079,1,D
FL-01,106199,216189,0,-34.1173,1,R
FL-02,96233,199335,0,-34.8827,1,R
FL-03,129880,176616,0,-15.2485,1,R
FL-04,123351,248420,9478,-33.6414,1,R
FL-05,180527,89799,0,33.5624,1,D
FL-06,145758,187891,0,-12.6279,1,
FL-07,183113,134285,0,15.3838,1,D
FL-08,142415,218112,0,-20.9962,1,R
FL-09,172172,124565,0,16.0435,1,D
FL-10,0,0,0,,0,
FL-11,128053,239395,58,-30.3014,1,R
FL-12,132844,194564,7510,-18.8511,1,R
FL-13,182717,134254,0,15.2894,1,D
FL-14,0,0,0,,0,
FL-15,134132,151380,20,-6.0411,1,
FL-16,164463,197483,0,-9.1229,1,R
FL-17,117194,193326,0,-24.5176,1,
FL-18,156454,185905,0,-8.6024,1,R
FL-19,128106,211465,36,-24.5483,1,R
FL-20,202659,0,165,,0,D
FL-21,0,0,0,,0,
FL-22,184634,113049,0,24.0474,1,D
FL-23,161611,99446,15309,23.8128,1,D
FL-24,0,0,0,,0,
FL-25,84173,128672,0,-20.9068,1,R
FL-26,119797,115678,0,1.7492,1,R
FL-27,130743,115588,6255,6.1523,1,
GA-01,105942,144741,0,-15.4773,1,R
GA-02,136699,92472,0,19.2987,1,D
GA-03,101010,191996,0,-31.0526,1,R
GA-04,227717,61092,0,57.6938,1,D
GA-05,275406,0,0,,0,D
GA-06,160139,156875,18,1.0296,1,R
GA-07,140011,140430,0,-0.1494,1,R
GA-08,0,198152,564,,0,R
GA-09,57912,224661,0,-59.0109,1,R
GA-10,112339,190396,0,-25.7839,1,R
GA-11,118653,191887,0,-23.5828,1,R
GA-12,101503,148986,3,-18.9561,1,R
GA-13,223157,69760,93,52.3688,1,D
GA-14,53981,175743,0,-53.0036,1,R
HI-01,134650,42498,7063,52.0198,1,
HI-02,153271,44850,0,54.7246,1,D
IA-01,170342,153442,10285,5.2195,1,R
IA-02,171446,133287,8018,12.5221,1,D
IA-03,175642,167933,12471,2.2438,1,R
IA-04,147246,157676,8123,-3.4205,1,R
ID-01,96922,197719,20428,-34.2101,1,
ID-02,110381,170274,0,-21.3404,1,R
IL-01,189560,50960,17365,57.6251,1,D
IL-02,190684,44567,0,62.1111,1,D
IL-03,163053,57885,1357,47.6007,1,D
IL-04,143895,22294,0,73.1703,1,
IL-05,213992,65134,0,53.3300,1,D
IL-06,169001,146445,0,7.1505,1,R
IL-07,215746,30497,0,75.2302,1,D
IL-08,130054,67073,0,31.9495,1,D
IL-09,213368,76983,0,46.9725,1,D
IL-10,156540,82124,0,31.1802,1,D
IL-11,145407,82358,0,27.6816,1,D
IL-12,118724,134884,7935,-6.3720,1,R
IL-13,134458,136516,0,-0.7595,1,R
IL-14,156035,141164,0,5.0037,1,R
IL-15,74309,181294,0,-41.8559,1,R
IL-16,104569,151254,0,-18.2489,1,R
IL-17,142659,87090,0,24.1868,1,D
IL-18,95486,195927,0,-34.4669,1,R
IN-01,159611,85594,0,30.1858,1,D
IN-02,103363,125499,27,-9.6722,1,R
IN-03,86610,158927,0,-29.4526,1,R
IN-04,87824,156539,0,-28.1201,1,
IN-05,137142,180035,0,-13.5234,1,R
IN-06,79430,154260,8035,-32.0211,1,
IN-07,141139,76457,0,29.7257,1,D
IN-08,86895,157396,0,-28.8594,1,R
IN-09,118090,153271,0,-12.9646,1,R
KS-01,71558,153082,0,-36.2910,1,R
KS-02,123859,126098,14731,-0.8958,1,
KS-03,170518,139762,8021,9.9123,1,R
KS-04,98445,144248,0,-18.8728,1,R
KY-01,78849,172167,0,-37.1761,1,R
KY-02,79964,171700,5681,-36.4518,1,R
KY-03,173002,101930,3788,25.8508,1,D
KY-04,90536,162946,8330,-28.5661,1,R
KY-05,45890,172093,34,-57.8958,1,R
KY-06,144736,154468,3684,-3.2526,1,R
LA-01,71521,192555,5249,-45.8330,1,R
LA-02,190182,0,45800,,0,D
LA-03,74713,168263,2967,-38.5017,1,R
LA-04,72934,139326,4612,-31.2786,1,R
LA-05,67118,149018,7810,-37.8928,1,R
LA-06,76716,186553,5256,-41.7204,1,R
MA-01,211790,0,0,,0,D
MA-02,191332,93391,0,34.3987,1,D
MA-03,173175,93445,12572,29.9040,1,
MA-04,245289,0,0,,0,D
MA-05,236243,74856,0,51.8764,1,D
MA-06,217703,104798,11309,35.0092,1,D
MA-07,216559,0,0,,0,
MA-08,259159,0,0,,0,D
MA-09,192347,131463,0,18.8024,1,D
MD-01,116631,183662,5744,-22.3219,1,R
MD-02,167201,77782,8119,36.5001,1,D
MD-03,202407,82774,7476,41.9498,1,D
MD-04,209642,53327,5326,59.4424,1,D
MD-05,213796,82361,7773,44.3802,1,D
MD-06,163346,105209,8247,21.6481,1,
MD-07,202345,56266,5827,56.4860,1,D
MD-08,217679,96525,4853,38.5590,1,D
ME-01,201195,111188,29670,28.8130,1,D
ME-02,132013,134184,23427,-0.8156,1,R
MI-01,145246,187251,0,-12.6332,1,R
MI-02,131254,168970,5239,-12.5626,1,R
MI-03,134185,169107,7445,-11.5143,1,R
MI-04,106540,178510,0,-25.2482,1,R
MI-05,164502,99265,12646,24.7328,1,D
MI-06,134082,147436,11920,-4.7436,1,R
MI-07,136330,158730,0,-7.5917,1,R
MI-08,172880,159782,8931,3.9373,1,R
MI-09,181734,112123,10706,23.6887,1,
MI-10,106061,182808,14195,-26.5681,1,R
MI-11,181912,158463,10526,6.8892,1,
MI-12,200588,85115,8925,40.4171,1,D
MI-13,165355,0,30802,,0,
MI-14,214334,45899,4761,64.7247,1,D
MN-01,144885,146200,0,-0.4518,1,
MN-02,177958,159344,0,5.5185,1,R
MN-03,202404,160839,0,11.4428,1,R
MN-04,216865,97747,13776,37.8619,1,D
MN-05,267703,74440,0,56.4860,1,
MN-06,122332,192931,0,-22.3937,1,R
MN-07,146672,134668,0,4.2667,1,D
MN-08,141950,159364,12741,-5.7794,1,
MO-01,219781,45867,8727,65.4678,1,D
MO-02,177611,192477,5969,-4.0169,1,R
MO-03,106589,211243,6776,-32.9275,1,R
MO-04,95968,190138,7210,-32.9144,1,R
MO-05,175019,101069,7692,26.7849,1,D
MO-06,97660,199796,7953,-34.3365,1,R
MO-07,89190,196343,10920,-37.5274,1,R
MO-08,66151,194042,4206,-49.1524,1,R
MS-01,76601,158245,1675,-34.7649,1,R
MS-02,158921,0,62458,,0,D
MS-03,94461,160284,2526,-25.8388,1,
MS-04,68787,152633,2312,-37.8674,1,R
MT-01,233284,256661,14476,-4.7714,1,R
NC-01,190457,82218,0,39.6952,1,D
NC-02,151977,170072,9655,-5.6187,1,R
NC-03,0,187901,0,,0,R
NC-04,247067,82052,12284,50.1384,1,D
NC-05,120468,159917,0,-14.0696,1,R
NC-06,123651,160709,0,-13.0321,1,R
NC-07,120838,156809,4665,-12.9557,1,R
NC-08,114119,141402,0,-10.6774,1,R
NC-09,138341,139246,5130,-0.3260,1,
NC-10,113259,164969,0,-18.5855,1,R
NC-11,116508,178012,6146,-20.8828,1,R
NC-12,203974,75164,0,46.1456,1,D
NC-13,130402,147570,8344,-6.1762,1,R
ND-01,114377,193568,13066,-25.7160,1,
NE-01,93069,141712,0,-20.7185,1,R
NE-02,121770,126715,0,-1.9901,1,R
NE-03,49654,163650,0,-53.4430,1,R
NH-01,155884,130996,4048,8.6754,1,
NH-02,155358,117990,6206,13.6705,1,D
NJ-01,169628,87617,6173,31.8805,1,D
NJ-02,136685,116866,4812,7.8166,1,
NJ-03,153473,149500,3902,1.3113,1,R
NJ-04,126766,163065,4517,-12.5242,1,R
NJ-05,169546,128255,4022,13.8653,1,D
NJ-06,140752,80443,0,27.2651,1,D
NJ-07,166985,150785,4972,5.0980,1,R
NJ-08,119881,28725,4849,61.3407,1,D
NJ-09,140832,57854,1730,41.7634,1,D
NJ-10,175253,20191,4715,79.3383,1,D
NJ-11,183684,136322,3568,14.8003,1,
NJ-12,173334,79041,0,37.3623,1,D
NM-01,147336,90507,11319,23.8935,1,
NM-02,101489,97767,0,1.8679,1,
NM-03,155201,76427,13265,34.0088,1,D
NV-01,100707,46978,4516,36.3808,1,D
NV-02,120102,167435,0,-16.4615,1,R
NV-03,148501,122566,15101,9.5677,1,
NV-04,121962,102748,10158,8.5506,1,
NY-01,127991,139027,2988,-4.1331,1,R
NY-02,113074,128078,0,-6.2218,1,R
NY-03,157456,109514,0,17.9578,1,D
NY-04,159535,100571,0,22.6692,1,D
NY-05,160500,0,0,,0,D
NY-06,111646,0,11209,,0,D
NY-07,146687,0,10410,,0,D
NY-08,180376,0,11028,,0,D
NY-09,181455,20901,779,79.3423,1,D
NY-10,173095,37619,0,64.2938,1,D
NY-11,101823,89441,774,6.4738,1,R
NY-12,217430,30446,3728,75.4345,1,D
NY-13,180035,10268,0,89.2088,1,D
NY-14,110318,19202,11602,70.3490,1,I
NY-15,124469,5205,0,91.9722,1,D
NY-16,182044,0,0,,0,D
NY-17,170168,0,23150,,0,D
NY-18,139564,112035,0,10.9416,1,D
NY-19,147873,132873,7148,5.3429,1,R
NY-20,176811,89058,0,33.0061,1,D
NY-21,99791,131981,3437,-13.8886,1,R
NY-22,127715,123242,0,1.7824,1,R
NY-23,109932,130323,0,-8.4872,1,R
NY-24,123226,136920,0,-5.2640,1,R
NY-25,159244,110736,0,17.9673,1,
NY-26,169166,61488,0,46.6838,1,D
NY-27,139059,140146,5973,-0.3893,1,R
OH-01,141118,154409,5344,-4.4974,1,R
OH-02,119333,166714,3614,-16.5641,1,R
OH-03,181575,65040,62,47.2538,1,D
OH-04,89412,167993,0,-30.5282,1,R
OH-05,99655,176569,7393,-27.8448,1,R
OH-06,76716,172774,0,-38.5017,1,R
OH-07,107536,153117,0,-17.4872,1,R
OH-08,89451,177892,0,-33.0815,1,R
OH-09,157219,74670,48,35.5985,1,D
OH-10,118785,157554,5387,-14.0295,1,R
OH-11,206138,44486,36,64.4998,1,D
OH-12,161251,175677,4719,-4.2816,1,
OH-13,153323,98047,0,21.9899,1,D
OH-14,137549,169809,0,-10.4959,1,R
OH-15,116112,170593,5738,-19.0025,1,R
OH-16,129681,170029,0,-13.4623,1,
OK-01,103042,150129,0,-18.5989,1,
OK-02,65021,140451,10530,-36.7106,1,R
OK-03,61152,172913,0,-47.7478,1,R
OK-04,78088,149227,9323,-31.2953,1,R
OK-05,121149,117811,0,1.3969,1,R
OR-01,231198,116446,15121,33.0085,1,D
OR-02,145298,207597,15536,-17.6537,1,R
OR-03,279019,76187,28606,57.1026,1,D
OR-04,208710,152414,11326,15.5891,1,D
OR-05,197187,149887,10856,13.6282,1,D
PA-01,160745,169053,0,-2.5191,1,R
PA-02,159600,42382,0,58.0339,1,
PA-03,287610,20387,0,86.7616,1,D
PA-04,211524,121467,0,27.0449,1,
PA-05,198639,106075,0,30.3773,1,
PA-06,177704,124124,0,17.7518,1,
PA-07,140813,114437,8011,10.3334,1,
PA-08,135603,112563,0,9.2841,1,D
PA-09,100204,148723,0,-19.4913,1,
PA-10,141668,149365,0,-2.6447,1,R
PA-11,113876,163708,0,-17.9520,1,R
PA-12,82825,161047,0,-32.0750,1,R
PA-13,74733,178533,0,-40.9846,1,
PA-14,110051,151386,0,-15.8107,1,
PA-15,78327,165245,0,-35.6847,1,R
PA-16,124109,135348,2939,-4.3317,1,R
PA-17,183162,142417,0,12.5146,1,R
PA-18,231472,0,0,,0,D
RI-01,116099,57567,0,33.7038,1,D
RI-02,126476,72271,0,27.2734,1,D
SC-01,145455,141473,0,1.3878,1,
SC-02,109199,144642,3111,-13.9627,1,R
SC-03,70046,153338,2697,-37.2865,1,R
SC-04,89182,145321,9203,-23.9396,1,
SC-05,103129,141757,3443,-15.7739,1,R
SC-06,144765,58282,3214,42.5926,1,D
SC-07,96564,142681,0,-19.2761,1,R
SD-01,121033,202695,12237,-25.2255,1,
TN-01,47138,172835,4309,-57.1420,1,R
TN-02,86668,172856,2610,-33.2100,1,
TN-03,84731,156512,4522,-29.7546,1,R
TN-04,78065,147323,7063,-30.7283,1,R
TN-05,177923,84317,8,35.6948,1,D
TN-06,70370,172810,5560,-42.1252,1,
TN-07,81661,170071,2652,-35.1207,1,
TN-08,74755,168030,5560,-38.4188,1,R
TN-09,145139,34901,1436,61.2297,1,D
TX-01,61263,168165,3292,-46.5950,1,R
TX-02,119992,139188,4212,-7.4064,1,
TX-03,138234,169520,4604,-10.1659,1,
TX-04,57400,188667,3178,-53.3460,1,R
TX-05,78666,130617,224,-24.8233,1,
TX-06,116350,135961,3731,-7.7726,1,
TX-07,127959,115642,0,5.0562,1,R
TX-08,67930,200619,4621,-49.4096,1,R
TX-09,136256,0,16745,,0,D
TX-10,144034,157166,6627,-4.3599,1,R
TX-11,40631,176603,3143,-62.5924,1,R
TX-12,90994,172557,4940,-30.9477,1,R
TX-13,35083,169027,3175,-65.6234,1,R
TX-14,92212,138942,3374,-20.2160,1,R
TX-15,98333,63862,2607,21.2528,1,D
TX-16,124437,49127,8190,43.3903,1,
TX-17,98070,134841,4440,-15.7876,1,R
TX-18,138704,38368,7260,56.6640,1,D
TX-19,50039,151946,0,-50.4528,1,R
TX-20,139038,0,32925,,0,D
TX-21,168421,177654,7542,-2.6679,1,
TX-22,138153,152750,6502,-5.0178,1,R
TX-23,102359,103285,4425,-0.4503,1,R
TX-24,125231,133317,4870,-3.1275,1,R
TX-25,136385,163023,5145,-8.8969,1,R
TX-26,121938,185551,5016,-20.6879,1,R
TX-27,75929,125118,6374,-24.4664,1,
TX-28,117494,0,21732,,0,D
TX-29,88188,28098,1199,51.6743,1,
TX-30,166784,0,16390,,0,D
TX-31,136362,144680,4965,-2.9597,1,R
TX-32,144067,126101,5452,6.6499,1,R
TX-33,90805,26120,2299,55.3218,1,D
TX-34,85825,57243,0,19.9779,1,D
TX-35,138278,50553,5236,46.4569,1,D
TX-36,60908,161048,0,-45.1171,1,R
UT-01,63308,156692,34333,-42.4473,1,R
UT-02,105051,151489,13504,-18.1017,1,R
UT-03,70686,174856,13316,-42.4245,1,R
UT-04,134964,134270,0,0.2578,1,R
VA-01,148464,183250,0,-10.4867,1,R
VA-02,139571,133458,0,2.2390,1,R
VA-03,198615,0,0,,0,D
VA-04,187642,107706,4233,27.0650,1,D
VA-05,145040,165339,0,-6.5401,1,
VA-06,113133,167957,0,-19.5041,1,
VA-07,176079,169295,4216,1.9642,1,R
VA-08,247137,76899,0,52.5368,1,D
VA-09,85833,160933,0,-30.4337,1,R
VA-10,206356,160841,0,12.3953,1,R
VA-11,219191,83023,5546,45.0568,1,D
VT-01,188547,70705,13042,45.4546,1,D
WA-01,197209,135534,0,18.5353,1,D
WA-02,210187,0,84646,,0,D
WA-03,145407,161819,0,-5.3420,1,R
WA-04,83785,141551,0,-25.6355,1,R
WA-05,144925,175422,0,-9.5200,1,R
WA-06,206409,116677,0,27.7734,1,D
WA-07,329800,64881,0,67.1223,1,D
WA-08,164089,148968,0,4.8301,1,
WA-09,240567,0,0,,0,D
WA-10,166215,103860,0,23.0880,1,D
WI-01,137508,177492,10013,-12.6933,1,
WI-02,309116,0,0,,0,D
WI-03,187888,126980,0,19.3440,1,D
WI-04,206487,7170,59091,93.2883,1,D
WI-05,138385,225619,1,-23.9651,1,R
WI-06,144536,180311,0,-11.0129,1,R
WI-07,124307,194061,4419,-21.9099,1,R
WI-08,119265,209410,0,-27.4268,1,R
WV-01,70217,127997,0,-29.1503,1,R
WV-02,88011,110504,6277,-11.3306,1,R
WV-03,76340,98645,0,-12.7468,1,
WY-01,59903,127963,12988,-36.2279,1,R
