State,Winner,Winner_Party,Winner_Pct,Runner_Up,Runner_Up_Party,Runner_Up_Pct,Margin_Pct
Alabama,Katie Britt,Republican,66.64,Will Boyd,Democratic,30.87,35.77
Alaska,Lisa Murkowski,Republican,53.7,Kelly Tshibaka,Republican,46.3,7.4
Arizona,Mark Kelly,Democratic,51.37,Blake Masters,Republican,46.48,4.89
Arkansas,John Boozman,Republican,65.66,Natalie James,Democratic,31.77,33.89
California,Alex Padilla,Democratic,61.1,Mark Meuser,Republican,38.9,22.2
Colorado,Michael Bennet,Democratic,55.9,Joe O'Dea,Republican,41.3,14.6
Connecticut,Richard Blumenthal,Democratic,57.56,Leora Levy,Republican,42.44,15.12
Florida,Marco Rubio,Republican,57.68,Val Demings,Democratic,41.31,16.37
Georgia,Raphael Warnock,Democratic,51.37,Herschel Walker,Republican,48.63,2.74
Hawaii,Brian Schatz,Democratic,71.21,Bob McDermott,Republican,26.04,45.17
Idaho,Mike Crapo,Republican,60.67,David Roth,Democratic,28.68,31.99
Illinois,Tammy Duckworth,Democratic,56.8,Kathy Salvi,Republican,41.25,15.55
Indiana,Todd Young,Republican,58.62,Thomas McDermott Jr.,Democratic,37.91,20.71
Iowa,Chuck Grassley,Republican,56.01,Michael Franken,Democratic,43.18,12.83
Kansas,Jerry Moran,Republican,60.0,Mark Holland,Democratic,37.7,22.3
Kentucky,Rand Paul,Republican,61.8,Charles Booker,Democratic,38.19,23.61
Louisiana,John Kennedy,Republican,61.56,Gary Chambers Jr.,Democratic,17.85,43.71
Maryland,Chris Van Hollen,Democratic,65.96,Chris Chaffee,Republican,34.04,31.92
Missouri,Eric Schmitt,Republican,55.4,Trudy Busch Valentine,Democratic,42.09,13.31
Nevada,Catherine Cortez Masto,Democratic,48.81,Adam Laxalt,Republican,48.04,0.77
New Hampshire,Maggie Hassan,Democratic,53.57,Don Bolduc,Republican,44.53,9.04
New York,Chuck Schumer,Democratic,55.95,Joe Pinion,Republican,43.05,12.9
North Carolina,Ted Budd,Republican,50.5,Cheri Beasley,Democratic,47.26,3.24
North Dakota,John Hoeven,Republican,56.45,Katrina Christiansen,Democratic,35.47,20.98
Ohio,J.D. Vance,Republican,53.26,Tim Ryan,Democratic,46.74,6.52
Oklahoma,James Lankford,Republican,64.3,Madison Horn,Democratic,32.1,32.2
Oregon,Ron Wyden,Democratic,55.76,Jo Rae Perkins,Republican,42.08,13.68
Pennsylvania,John Fetterman,Democratic,51.25,Mehmet Oz,Republican,46.34,4.91
South Carolina,Tim Scott,Republican,62.88,Krystle Matthews,Democratic,37.12,25.76
South Dakota,John Thune,Republican,69.63,Brian Bengs,Democratic,26.22,43.41
Utah,Mike Lee,Republican,53.21,Evan McMullin,Independent,42.74,10.47
Vermont,Peter Welch,Democratic,68.5,Gerald Malloy,Republican,28.03,40.47
Washington,Patty Murray,Democratic,57.15,Tiffany Smiley,Republican,42.85,14.3
Wisconsin,Ron Johnson,Republican,50.41,Mandela Barnes,Democratic,49.37,1.04
