district,dem_margin,source,note
AK-01,-11.49,downballot-2024,
AL-01,-34.36,downballot-2024,
AL-02,-12.69,downballot-2024,
AL-03,-45.04,downballot-2024,
AL-04,-64.77,downballot-2024,
AL-05,-27.45,downballot-2024,
AL-06,-32.96,downballot-2024,
AL-07,19.45,downballot-2024,
AR-01,-43.64,downballot-2024,
AR-02,-13.88,downballot-2024,
AR-03,-23.24,downballot-2024,
AR-04,-38.26,downballot-2024,
AZ-01,-1.45,downballot-2024,
AZ-02,-13.31,downballot-2024,
AZ-03,41.41,downballot-2024,
AZ-04,8.32,downballot-2024,
AZ-05,-18.32,downballot-2024,
AZ-06,0.90,downballot-2024,
AZ-07,23.78,downballot-2024,
AZ-08,-14.67,downballot-2024,
AZ-09,-29.43,downballot-2024,
CA-01,13.87,downballot-2024,
CA-02,26.30,downballot-2024,
CA-03,11.81,downballot-2024,
CA-04,16.15,downballot-2024,
CA-05,-19.05,downballot-2024,
CA-06,10.05,downballot-2024,
CA-07,14.47,downballot-2024,
CA-08,35.71,downballot-2024,
CA-09,13.08,downballot-2024,
CA-10,35.20,downballot-2024,
CA-11,69.37,downballot-2024,
CA-12,75.55,downballot-2024,
CA-13,2.03,downballot-2024,
CA-14,36.42,downballot-2024,
CA-15,49.55,downballot-2024,
CA-16,49.76,downballot-2024,
CA-17,40.62,downballot-2024,
CA-18,30.10,downballot-2024,
CA-19,36.06,downballot-2024,
CA-20,-30.57,downballot-2024,
CA-21,7.62,downballot-2024,
CA-22,-0.20,downballot-2024,
CA-23,-17.74,downballot-2024,
CA-24,26.59,downballot-2024,
CA-25,7.47,downballot-2024,
CA-26,16.93,downballot-2024,
CA-27,11.38,downballot-2024,
CA-28,26.94,downballot-2024,
CA-29,35.29,downballot-2024,
CA-30,41.67,downballot-2024,
CA-31,13.88,downballot-2024,
CA-32,26.65,downballot-2024,
CA-33,11.43,downballot-2024,
CA-34,52.30,downballot-2024,
CA-35,9.45,downballot-2024,
CA-36,40.76,downballot-2024,
CA-37,62.05,downballot-2024,
CA-38,13.97,downballot-2024,
CA-39,11.13,downballot-2024,
CA-40,-10.58,downballot-2024,
CA-41,15.85,downballot-2024,
CA-42,14.79,downballot-2024,
CA-43,50.62,downballot-2024,
CA-44,36.82,downballot-2024,
CA-45,5.59,downballot-2024,
CA-46,17.82,downballot-2024,
CA-47,11.73,downballot-2024,
CA-48,5.05,downballot-2024,
CA-49,13.76,downballot-2024,
CA-50,19.91,downballot-2024,
CA-51,19.91,downballot-2024,
CA-52,19.22,downballot-2024,
CO-01,57.73,downballot-2024,
CO-02,41.44,downballot-2024,
CO-03,-8.08,downballot-2024,
CO-04,-16.60,downballot-2024,
CO-05,-7.43,downballot-2024,
CO-06,21.43,downballot-2024,
CO-07,16.64,downballot-2024,
CO-08,-0.18,downballot-2024,
CT-01,24.54,downballot-2024,
CT-02,9.38,downballot-2024,
CT-03,15.71,downballot-2024,
CT-04,25.01,downballot-2024,
CT-05,7.24,downballot-2024,
DE-01,16.39,downballot-2024,
FL-01,-35.55,downballot-2024,
FL-02,-16.35,downballot-2024,
FL-03,-19.46,downballot-2024,
FL-04,-10.19,downballot-2024,
FL-05,-19.78,downballot-2024,
FL-06,-28.43,downballot-2024,
FL-07,-10.82,downballot-2024,
FL-08,-14.56,downballot-2024,
FL-09,-16.12,downballot-2024,
FL-10,25.64,downballot-2024,
FL-11,-14.03,downballot-2024,
FL-12,-13.74,downballot-2024,
FL-13,-11.67,downballot-2024,
FL-14,-8.86,downballot-2024,
FL-15,-18.20,downballot-2024,
FL-16,-12.04,downballot-2024,
FL-17,-20.44,downballot-2024,
FL-18,-15.30,downballot-2024,
FL-19,-28.56,downballot-2024,
FL-20,38.82,downballot-2024,
FL-21,-14.63,downballot-2024,
FL-22,-8.62,downballot-2024,
FL-23,15.39,downballot-2024,
FL-24,40.36,downballot-2024,
FL-25,-7.49,downballot-2024,
FL-26,-16.74,downballot-2024,
FL-27,-12.93,downballot-2024,
FL-28,-23.80,downballot-2024,
GA-01,-14.15,downballot-2024,
GA-02,9.27,downballot-2024,
GA-03,-28.05,downballot-2024,
GA-04,54.13,downballot-2024,
GA-05,73.25,downballot-2024,
GA-06,51.59,downballot-2024,
GA-07,-20.40,downballot-2024,
GA-08,-28.94,downballot-2024,
GA-09,-32.42,downballot-2024,
GA-10,-19.13,downballot-2024,
GA-11,-21.69,downballot-2024,
GA-12,-12.51,downballot-2024,
GA-13,43.99,downballot-2024,
GA-14,-35.12,downballot-2024,
HI-01,26.38,downballot-2024,
HI-02,23.25,downballot-2024,
IA-01,-6.81,downballot-2024,
IA-02,-8.34,downballot-2024,
IA-03,-2.75,downballot-2024,
IA-04,-29.83,downballot-2024,
ID-01,-43.41,downballot-2024,
ID-02,-25.07,downballot-2024,
IL-01,33.70,downballot-2024,
IL-02,34.77,downballot-2024,
IL-03,33.05,downballot-2024,
IL-04,29.98,downballot-2024,
IL-05,38.77,downballot-2024,
IL-06,7.15,downballot-2024,
IL-07,67.04,downballot-2024,
IL-08,8.56,downballot-2024,
IL-09,38.22,downballot-2024,
IL-10,23.70,downballot-2024,
IL-11,13.08,downballot-2024,
IL-12,-41.77,downballot-2024,
IL-13,12.12,downballot-2024,
IL-14,6.84,downballot-2024,
IL-15,-38.10,downballot-2024,
IL-16,-21.02,downballot-2024,
IL-17,6.40,downballot-2024,
IN-01,2.05,downballot-2024,
IN-02,-24.85,downballot-2024,
IN-03,-29.54,downballot-2024,
IN-04,-27.69,downballot-2024,
IN-05,-15.15,downballot-2024,
IN-06,-30.87,downballot-2024,
IN-07,43.11,downballot-2024,
IN-08,-34.23,downballot-2024,
IN-09,-28.23,downballot-2024,
KS-01,-29.61,downballot-2024,
KS-02,-18.02,downballot-2024,
KS-03,5.75,downballot-2024,
KS-04,-21.64,downballot-2024,
KY-01,-45.64,downballot-2024,
KY-02,-39.68,downballot-2024,
KY-03,20.59,downballot-2024,
KY-04,-33.90,downballot-2024,
KY-05,-62.23,downballot-2024,
KY-06,-13.38,downballot-2024,
LA-01,-36.58,downballot-2024,
LA-02,49.02,downballot-2024,
LA-03,-34.35,downballot-2024,
LA-04,-32.58,downballot-2024,
LA-05,-32.39,downballot-2024,
LA-06,-28.44,downballot-2024,
MA-01,15.28,downballot-2024,
MA-02,25.33,downballot-2024,
MA-03,20.63,downballot-2024,
MA-04,21.38,downballot-2024,
MA-05,46.82,downballot-2024,
MA-06,22.34,downballot-2024,
MA-07,64.75,downballot-2024,
MA-08,28.07,downballot-2024,
MA-09,12.42,downballot-2024,
MD-01,-15.26,downballot-2024,
MD-02,20.11,downballot-2024,
MD-03,25.42,downballot-2024,
MD-04,75.28,downballot-2024,
MD-05,34.94,downballot-2024,
MD-06,7.43,downballot-2024,
MD-07,60.59,downballot-2024,
MD-08,58.11,downballot-2024,
ME-01,23.26,downballot-2024,
ME-02,-7.40,downballot-2024,
MI-01,-19.55,downballot-2024,
MI-02,-28.43,downballot-2024,
MI-03,9.49,downballot-2024,
MI-04,-3.88,downballot-2024,
MI-05,-25.37,downballot-2024,
MI-06,24.96,downballot-2024,
MI-07,0.37,downballot-2024,
MI-08,-0.33,downballot-2024,
MI-09,-30.68,downballot-2024,
MI-10,-4.89,downballot-2024,
MI-11,17.74,downballot-2024,
MI-12,39.62,downballot-2024,
MI-13,42.71,downballot-2024,
MN-01,-10.35,downballot-2024,
MN-02,7.49,downballot-2024,
MN-03,22.92,downballot-2024,
MN-04,37.33,downballot-2024,
MN-05,63.52,downballot-2024,
MN-06,-18.02,downballot-2024,
MN-07,-34.83,downballot-2024,
MN-08,-12.64,downballot-2024,
MO-01,58.85,downballot-2024,
MO-02,-6.25,downballot-2024,
MO-03,-25.07,downballot-2024,
MO-04,-40.63,downballot-2024,
MO-05,24.77,downballot-2024,
MO-06,-37.20,downballot-2024,
MO-07,-40.96,downballot-2024,
MO-08,-52.43,downballot-2024,
MS-01,-35.38,downballot-2024,
MS-02,22.02,downballot-2024,
MS-03,-27.52,downballot-2024,
MS-04,-40.87,downballot-2024,
MT-01,-9.90,downballot-2024,
MT-02,-27.88,downballot-2024,
NC-01,-9.89,downballot-2024,
NC-02,35.51,downballot-2024,
NC-03,-11.98,downballot-2024,
NC-04,46.96,downballot-2024,
NC-05,-16.12,downballot-2024,
NC-06,-15.51,downballot-2024,
NC-07,-12.17,downballot-2024,
NC-08,-17.73,downballot-2024,
NC-09,-14.19,downballot-2024,
NC-10,-16.07,downballot-2024,
NC-11,-7.85,downballot-2024,
NC-12,47.86,downballot-2024,
NC-13,-14.81,downballot-2024,
NC-14,-13.42,downballot-2024,
ND-01,-35.10,downballot-2024,
NE-01,-11.39,downballot-2024,
NE-02,6.28,downballot-2024,
NE-03,-52.15,downballot-2024,
NH-01,3.65,downballot-2024,
NH-02,5.24,downballot-2024,
NJ-01,20.39,downballot-2024,
NJ-02,-10.90,downballot-2024,
NJ-03,10.01,downballot-2024,
NJ-04,-28.46,downballot-2024,
NJ-05,3.17,downballot-2024,
NJ-06,8.08,downballot-2024,
NJ-07,0.48,downballot-2024,
NJ-08,25.84,downballot-2024,
NJ-09,0.52,downballot-2024,
NJ-10,52.43,downballot-2024,
NJ-11,10.37,downballot-2024,
NJ-12,25.52,downballot-2024,
NM-01,14.32,downballot-2024,
NM-02,-0.15,downballot-2024,
NM-03,6.86,downballot-2024,
NV-01,3.91,downballot-2024,
NV-02,-12.28,downballot-2024,
NV-03,0.92,downballot-2024,
NV-04,3.97,downballot-2024,
NY-01,-8.39,downballot-2024,
NY-02,-12.27,downballot-2024,
NY-03,-2.63,downballot-2024,
NY-04,2.93,downballot-2024,
NY-05,43.81,downballot-2024,
NY-06,8.06,downballot-2024,
NY-07,47.54,downballot-2024,
NY-08,45.63,downballot-2024,
NY-09,42.26,downballot-2024,
NY-10,62.10,downballot-2024,
NY-11,-22.72,downballot-2024,
NY-12,65.25,downballot-2024,
NY-13,60.94,downballot-2024,
NY-14,33.40,downballot-2024,
NY-15,49.91,downballot-2024,
NY-16,34.76,downballot-2024,
NY-17,2.21,downballot-2024,
NY-18,4.99,downballot-2024,
NY-19,3.44,downballot-2024,
NY-20,15.80,downballot-2024,
NY-21,-19.00,downballot-2024,
NY-22,9.30,downballot-2024,
NY-23,-19.36,downballot-2024,
NY-24,-21.43,downballot-2024,
NY-25,20.10,downballot-2024,
NY-26,20.92,downballot-2024,
OH-01,-0.94,downballot-2024,
OH-02,-40.50,downballot-2024,
OH-03,41.89,downballot-2024,
OH-04,-40.98,downballot-2024,
OH-05,-22.10,downballot-2024,
OH-06,-32.96,downballot-2024,
OH-07,-9.40,downballot-2024,
OH-08,-13.97,downballot-2024,
OH-09,-8.93,downballot-2024,
OH-10,-6.13,downballot-2024,
OH-11,56.72,downballot-2024,
OH-12,-28.44,downballot-2024,
OH-13,4.95,downballot-2024,
OH-14,-18.71,downballot-2024,
OH-15,-8.36,downballot-2024,
OK-01,-19.88,downballot-2024,
OK-02,-53.97,downballot-2024,
OK-03,-43.89,downballot-2024,
OK-04,-31.58,downballot-2024,
OK-05,-16.07,downballot-2024,
OR-01,39.44,downballot-2024,
OR-02,-25.48,downballot-2024,
OR-03,47.63,downballot-2024,
OR-04,13.71,downballot-2024,
OR-05,10.19,downballot-2024,
OR-06,13.03,downballot-2024,
PA-01,1.97,downballot-2024,
PA-02,37.39,downballot-2024,
PA-03,78.97,downballot-2024,
PA-04,17.46,downballot-2024,
PA-05,30.28,downballot-2024,
PA-06,13.06,downballot-2024,
PA-07,-1.55,downballot-2024,
PA-08,-6.85,downballot-2024,
PA-09,-36.29,downballot-2024,
PA-10,-3.58,downballot-2024,
PA-11,-19.71,downballot-2024,
PA-12,20.84,downballot-2024,
PA-13,-43.88,downballot-2024,
PA-14,-31.70,downballot-2024,
PA-15,-36.31,downballot-2024,
PA-16,-21.11,downballot-2024,
PA-17,7.16,downballot-2024,
RI-01,23.81,downballot-2024,
RI-02,8.44,downballot-2024,
SC-01,-11.36,downballot-2024,
SC-02,-12.26,downballot-2024,
SC-03,-41.41,downballot-2024,
SC-04,-21.92,downballot-2024,
SC-05,-21.12,downballot-2024,
SC-06,24.33,downballot-2024,
SC-07,-24.69,downballot-2024,
SD-01,-27.54,downballot-2024,
TN-01,-56.19,downballot-2024,
TN-02,-32.20,downballot-2024,
TN-03,-34.08,downballot-2024,
TN-04,-22.27,downballot-2024,
TN-05,-21.43,downballot-2024,
TN-06,-24.86,downballot-2024,
TN-07,-20.75,downballot-2024,
TN-08,-18.49,downballot-2024,
TN-09,-19.49,downballot-2024,
TX-01,-47.89,downballot-2024,
TX-02,-21.19,downballot-2024,
TX-03,-21.78,downballot-2024,
TX-04,-23.06,downballot-2024,
TX-05,-19.97,downballot-2024,
TX-06,-21.28,downballot-2024,
TX-07,25.08,downballot-2024,
TX-08,-25.99,downballot-2024,
TX-09,-18.14,downballot-2024,
TX-10,-20.99,downballot-2024,
TX-11,-32.73,downballot-2024,
TX-12,-22.23,downballot-2024,
TX-13,-44.54,downballot-2024,
TX-14,-22.65,downballot-2024,
TX-15,-16.22,downballot-2024,
TX-16,18.08,downballot-2024,
TX-17,-20.01,downballot-2024,
TX-18,56.63,downballot-2024,
TX-19,-50.04,downballot-2024,
TX-20,30.19,downballot-2024,
TX-21,-20.19,downballot-2024,
TX-22,-20.62,downballot-2024,
TX-23,-13.17,downballot-2024,
TX-24,-14.48,downballot-2024,
TX-25,-22.42,downballot-2024,
TX-26,-22.17,downballot-2024,
TX-27,-19.58,downballot-2024,
TX-28,-8.73,downballot-2024,
TX-29,32.10,downballot-2024,
TX-30,48.82,downballot-2024,
TX-31,-20.23,downballot-2024,
TX-32,-16.13,downballot-2024,
TX-33,34.41,downballot-2024,
TX-34,-8.49,downballot-2024,
TX-35,-8.81,downballot-2024,
TX-36,-23.34,downballot-2024,
TX-37,58.26,downballot-2024,
TX-38,-19.27,downballot-2024,
UT-01,25.28,downballot-2024,
UT-02,-27.35,downballot-2024,
UT-03,-39.73,downballot-2024,
UT-04,-30.86,downballot-2024,
VA-01,-3.29,downballot-2024,
VA-02,1.40,downballot-2024,
VA-03,36.32,downballot-2024,
VA-04,34.36,downballot-2024,
VA-05,-10.63,downballot-2024,
VA-06,-22.23,downballot-2024,
VA-07,4.51,downballot-2024,
VA-08,51.40,downballot-2024,
VA-09,-42.41,downballot-2024,
VA-10,10.01,downballot-2024,
VA-11,35.94,downballot-2024,
VT-01,33.42,downballot-2024,
WA-01,30.35,downballot-2024,
WA-02,25.32,downballot-2024,
WA-03,-1.65,downballot-2024,
WA-04,-19.02,downballot-2024,
WA-05,-9.13,downballot-2024,
WA-06,20.92,downballot-2024,
WA-07,76.65,downballot-2024,
WA-08,7.43,downballot-2024,
WA-09,42.86,downballot-2024,
WA-10,19.66,downballot-2024,
WI-01,-2.85,downballot-2024,
WI-02,41.80,downballot-2024,
WI-03,-5.74,downballot-2024,
WI-04,53.21,downballot-2024,
WI-05,-20.50,downballot-2024,
WI-06,-14.82,downballot-2024,
WI-07,-20.85,downballot-2024,
WI-08,-14.60,downballot-2024,
WV-01,-42.71,downballot-2024,
WV-02,-37.94,downballot-2024,
WY-01,-44.57,downballot-2024,
