state,district,dem_nominee,rep_nominee,ind_nominee,dem_incumbent,rep_incumbent,dem_candidates_seen,rep_candidates_seen,notes
AK,1,John Williams,Nick Begich,,,1,John Williams; Mary S. Peltola; Matt Schultz,Nick Begich,
AL,2,Shomari Figures,Rhett Marques,,1,,
AR,2,Chris Jones,French Hill,,,1
AZ,1,Amish Shah,Thomas (Jay) Feely,,,1,,Gina Swoboda; Thomas (Jay) Feely,
AZ,2,Jonathan Nez,Eli Crane,Curtis Goodwin,,1
AZ,6,JoAnna Mendonza,Juan Ciscomani,,,1,JoAnna Mendonza,Juan Ciscomani,
CA,3,Richard Pan,Kevin Kiley,,,1
CA,6,Ami Bera,Rob Tucker,,1.0,,Heidi Hall,Kevin Kiley,
CA,11,"Connie Chan, Scott Wiener",Dena Maldonado,,1.0,,,,
CA,14,"Aisha Wahab, Melissa Hernandez",Wendy Huang,,1.0,,"Aisha Wahab; Carin Elam; Matt Ortega; Melissa Hernandez; Rakhi Israni; Victor Aguilar, Jr.",Dena Maldonado; Wendy Huang,
CA,22,Randy Villegas,David G. Valadao,,,1,Jasmeet Bains,David G. Valadao,
CA,40,Esther Kim-Varet,"Ken Calvert, Young Kim",,,1,Esther Kim-Varet,Ken Calvert; Young Kim,
CA,48,Marni von Wilpert,Jim Desmond,,,1,Ammar Campa-Najjar,Darrell Issa,
CO,1,Melat Kiros,Christy Peterson,,1.0,,Christy Peterson,,
CO,2,Joe Neguse,Kelly Anne Dennison,,1,,Jason Bradley,Jeff Hurd,
CO,3,Dwayne L. Romero,Jeff Hurd,Heather Barton,,1,Alex Kelloff,Jeff Hurd,
CO,5,Jessica Killin,Jeff Crank,Matt Cavanaugh,,1,Jessica Killin,Jeff Crank,
CO,8,Manny Rutinel,Gabe Evans,,,1,,,
CT,1,Luke Bronin,Amy Chai,,1.0,,,,
FL,1,Gay Valimont,Jimmy Patronis,,,1
FL,2,Lauren Donahoo,Jay Trumbell,,,1,,Evan Power; Keith Gross,
FL,7,Bale Dalton,Ryan Elijah,,,1
FL,8,Jennifer Jenkins,Mike Haridopolos,,,1
FL,11,Joe Strada,James Pericola,,,1
FL,13,Leela Gray,Anna Paulina Luna,,,1,Leela Gray,Anna Paulina Luna,
FL,14,Kathy Castor,Mike Beltran,,1,
FL,19,Victor Arias,Jim Schwartzel,,,1,Jim Pederson,Carmine Marceno; Catalina Lauf; Chris Collins; David Madison Cawthorn; Dylan Modarelli; James Oberweis; Jim Schwartzel; Johnny Fratto; Mike Pederson; Ola Hawatmeh,primary
FL,20,Debbie Wasserman Schultz,Brent Anderson,,1,,Dale Holness; Debbie Wasserman Schultz; Elijah Manley; Luther Campbell; Maisha Williams; Rudy Moise; Sheila Cherfilus-McCormick,,primary
FL,22,Pia Dandiya,Casey Askar,,1
FL,23,Lois Frankel,Deborah Adeimy,,1.0,,Jared Moskowitz; Oliver Larkin,,primary
FL,25,Oliver G. Gilbert III,Te Mayonna Brown,,1
FL,27,Eliott Rodriguez,Maria Elvira Salazar,,,1,Alexander Fornino; Daniella Levine Cava; Eliott Rodriguez; Mike Davey; Richard Lamondin; Robin Peguero,Maria Elvira Salazar; María Elvira Salazar,
FL,28,Hector Mujica,Carlos A. Gimenez,,,1,Hector Mujica,Carlos A. Gimenez,
HI,1,Ed Case,Adriel Lam	,,1.0,,,,
IA,1,Christina Bohannan,Mariannette Miller-Meeks,,,1,Christina Bohannan,Mariannette Miller-Meeks,
IA,2,Lindsay James,Joe Mitchell,,,1,Lindsay James,Joe Mitchell,
IA,3,Sarah Trone Garriott,Zach Nunn,,,1,Jennifer Konfrst; Sarah Trone Garriott,Zach Nunn,
ID,1,Kaylee Peterson,Ross Fulcher,,,1
IL,4,Raymond Lopez,Robert Cruz,,1
IN,5,Deborah Pickett,Victoria Spartz,,,1
KY,4,Melissa Claire Strange,Ed Gallrhein,,,1,,,
KY,6,Todd Kelly,Andy Barr,,,1
MA,6,Dan Koh,Micah Jones,,1.0,,Beth Andres-Beck; Dan Koh; Jamie Belsito; John Beccia; Mariah Lancaster; Tram Nguyen,,primary
MA,8,Stephen F. Lynch,Robert Burke,,1.0,,Patrick Roath; Stephen F. Lynch,,primary
MD,5,Adrian Boafo,Chris Chaffee,,1.0,,Adrian Boafo; Arthur Ellis; Harry Dunn; Harry Jarin; Nicole Williams; Quincy Bareebe; Rushern Baker; Wala Blegay,,primary
MD,6,April McClain Delaney,Robin Ficker,,1.0,,April McClain Delaney; David J. Trone,,primary
ME,2,Joseph M. Badacci,Paul R. LePage,,1.0,,Jared Forrest Golden; Joe Baldacci; Jordan Wood; Matt Dunlap,Paul R. LePage,
MI,4,Sean McCann,Bill Huizenga,,,1,Sean McCann,Bill Huizenga,
MI,7,Bridget Brink,Tom Barrett,,,1,Bridget Brink; Matt Maasdam; William Lawrence,,primary
MI,10,Christina Hines,Michael Bouchard,,,1,,Justin Kirk; Mike Bouchard; Robert Lulgjuraj; Steffan Demetropoulos,primary
MN,1,Jake Johnson,Brad Finstad,,,1,Jake Johnson,Brad Finstad,
MN,2,Matt Little,Eric Platt,,1.0,,Kaela Berg; Matt Klein; Matt Little,,primary
MO,1,Wesley Bell,Paul Berry III,,1.0,,Cori Bush; Wesley Bell,,primary
MO,2,Fred Wellman,Ann Wagner,,,1,Fred Wellman,Ann Wagner,
MT,1,Sam Forstag,Aaron Flint,,,1,Matt Rains; Ryan Busse; Sam Forstag,Aaron Flint; Ryan K. Zinke,
NC,1,Don Davis,Laurie Buckhout,,1.0,,Don Davis,Laurie Buckhout,
NC,10,Ashley Bell,Pat Harrigan,,,1,Ashley Bell,Pat Harrigan,
NC,14,LaKesha Womack,Tim Moore,,,1,LaKesha Womack,Tim Moore,
NE,1,Chris Backemeyer,Mike Flood,,,1,Chris Backemeyer,Mike Flood,
NE,2,Denise Powell,Brinker Harding,,,1,Denise Powell; John Cavanaugh,,
NH,1,Stefany Shaheen,Anthony DiLorenzo,,1.0,,Alice Wade; Bill Conlin; Carleigh Beriont; Christian Urrutia; Heath Howard; Jared Sullivan; Jeanne Shaheen; Maura Sullivan; Roxanne Conlin; Sarah Chadzynski; Stefany Shaheen,,primary
NH,2,Maggie Goodlander,Lily Tang Williams,,1.0,,Maggie Goodlander,Lily Tang Williams,
NJ,2,Zack Mullock,Jeff Van Drew,,,1,,Jeff Van Drew,
NJ,7,Rebecca Bennett,Thomas H. Kean Jr.,,,1,Rebecca Bennett; Tina Shah,Thomas H. Kean; Thomas H. Kean Jr.,
NM,2,Gabe Vasquez,Greg Cunningham,,1.0,,Gabe Vasquez,Greg Cunningham,
NV,2,Lynn Chapman,Greg Smith,,,1
NY,1,Chris Gallant,Nicholas J. LaLota,,,1,Chris Gallant,Nicholas J. LaLota,
NY,4,Laura Gillen,Jeanine Driscol,Blay Tarnaff,1,,,,
NY,7,Claire Valdez,Melvin Rivera,,1,,Antonio Reynoso; Claire Valdez; Julie Won; Vichal Kumar,,
NY,10,Brad Lander,Jennifer E. Moore,,1.0,,Alexa Avilés; Brad Lander; Daniel Goldman; Nickie Kane,,
NY,12,Micah Lasher,Caroline Shinkle,,1.0,,Alan Pardee; Alex Bores; Chris Diep; George T. Conway; Jack Schlossberg; Jami Floyd; Laura Dunn; Matthew Shurka; Micah Lasher; Nina Schwalbe; Patrick Timmins,,
NY,13,Darializa Avila Chevalier,Jomo M. Williams,,1.0,,Adriano Espaillat; Darializa Avila Chevalier; Oscar Romero; Theo Chino-Tavarez,,
NY,14,Alexandria Ocasio-Cortez,Diamant Hysenaj,,1.0,,Alexandria Ocasio-Cortez; Diamant Hysenaj;,,
NY,15,Ritchie Torres,Joseph J. Cinquemani,,1.0,,Jose Vega; Michael Blake; Ritchie Torres,,
NY,17,Cait Conley,Michael Lawler,,,1,Beth Davidson; Cait Conley; Effie Phillips-Staley; John Cappello; Mike Sacks; Peter Chatzky,,
NY,18,Pat Ryan,Joseph J. Cinquemani,,1.0,,,,
NY,21,Blake Gendebien,Anthony Constantino,,,1,,Anthony Constantino; Robert Smullen,primary
OH,7,Matthew Diemer,Max Miller,,,1
OH,9,Marcy Kaptur,Derek Merrin,,1.0,,Marcy Kaptur,Derek Merrin,
OH,10,Amy Cox,Mike Turner,,,1
OH,15,Don Leonard,Mike Carey,Brennan Barrington	,,1,,,
PA,1,Bob Harvie,Brian Fitzpatrick,,,1,Bob Harvie,Brian Fitzpatrick,
PA,7,Susan Wild,Ryan Mackenzie,,1
PA,8,Paige Cognetti,Rob Bresnahan Jr.,,,1,Paige Cognetti,Rob Bresnahan Jr.,
PA,10,Janelle Stelson,Scott Perry,,,1,Janelle Stelson,Scott Perry,
SC,1,Mac Deford,Mark Smith,,,1,Mac Deford,Mark Smith,
SC,7,Mal Hyman,Russell Fry,,,1
TN,5,Maryam Abolfazil,Andy Ogles,,,1
TN,9,Justin Pearson,Brent Taylor,,1.0,1,Justin Pearson; Marion Alexandra-Williams; Steve Cohen,,primary
TX,15,Bobby Pulido,Monica De La Cruz,,,1,Bobby Pulido,Monica De La Cruz,
TX,18,Sylvester Turner,Lana Centonze,,1
TX,23,Katy Padilla Stout,Brandon Herrera,,,1,Katy Padilla Stout,Brandon Herrera,
TX,28,Henry Cuellar,Jay Furman,,1
TX,34,Vicente Gonzalez,Eric Flores,,1.0,,Vicente Gonzalez,Eric Flores,
UT,1,Ben McAdams,Riley Owen,,,1,Ben McAdams; Eva Lopez Chavez; Kathleen Riebe; Liban Mohamed; Luis Villarreal; Michael Farrell; Nate Blouin,,primary
UT,2,Peter Crosby,Blake D. Moore,,,1,,Blake D. Moore; Colton Hatch; Karianne Lisonbee,primary
VA,1,Shannon Taylor,Robert J. Wittman,,,1,Shannon Taylor,Robert J. Wittman,
VA,2,Missy Cotter Smasal,Jen Kiggans,,,1
VA,5,Tom S. P. Perriello,John J. McGuire III,,,1
VA,6,Beth Macy,Ben Cline,,,1,Beth Macy; Sam Rasoul; Tom Perriello,,primary
VA,7,Eugene Vindman,Derrick Anderson,,1.0,,Adele McClure; Alfonso Lopez; Dan Helmer; Elizabeth Guzman; J.P. Cooney; Saddam Salim,,primary
VT,1,Becca Balint,Mark Coester,,1
WA,3,Marie Gluesenkamp Perez,John Braun,,1.0,,Marie Gluesenkamp Perez,John Braun,
WA,5,Anthony Whisenhunt,Anthony Jensen,,,1,Anthony Whisenhunt; Bajun Mavalwalla; Carmela Conroy; David Womack; Kevin Fagan; Marcus Riccelli,Anthony Jensen; Michael Baumgartner,primary
WI,1,Mitchell Berman,Bryan Steil,,,1,Mitchell Berman,Bryan Steil,
WI,3,Rebecca Cooke,Derrick Van Orden,,,1,Rebecca Cooke,Derrick Van Orden,
WI,6,Brad Smith,Glenn Grothman,,,1,Brad Smith,Glenn Grothman,
WI,7,Fred Clark,Michael Alfonso,,,1,,Jessi Ebben; Kevin Hermening; Michael Alfonso; Niina Threlfall-Baum,primary
WY,1,Frank Church,Bo Biteman,,,1,Frank Church,Bo Biteman; Chuck Gray; David Giralt; Gavin Solomon; Jillian Balow; Kevin Christensen; Reid Rasner; Steve Friess,primary
