state,party,name,incumbent_party
AK,R,Dan Sullivan,R
AK,D,Mary S. Peltola,R
AR,R,Tom Cotton,R
AR,D,Hallie Shoffner,R
CO,R,Mark Baisley,D
CO,D,John Hickenlooper,D
FL,R,Ashley Moody,R
FL,D,Alexander Vindman,R
GA,D,Jon Ossoff,D
GA,R,Mike Collins,D
ID,R,James E. Risch,R
ID,D,David Roth,R
IA,R,Ashley Hinson,R
IA,D,Josh Turek,R
KS,R,Roger Marshall,R
KS,D,Patrick Schmidt,R
KY,R,Andy Barr,R
KY,D,Charles Booker,R
MA,R,John Deaton,D
MA,D,Edward J. Markey,D
ME,R,Susan M. Collins,R
ME,D,Graham Platner,R
MI,D,Abdul El-Sayed,D
MI,R,Mike Rogers,D
MN,R,Michele Tafoya,D
MN,D,Angie Craig,D
MS,R,Cindy Hyde-Smith,R
MS,D,Scott Colom,R
MT,R,Kurt Alme,R
MT,D,Alani Bankhead,R
NC,R,Michael Whatley,R
NC,D,Roy A. Cooper,R
NE,R,Pete Ricketts,R
NE,I,Dan Osborn,R
NH,R,John E. Sununu,D
NH,D,Chris Pappas,D
OH,R,Jon Husted,R
OH,D,Sherrod Brown,R
SC,R,Lindsey Graham,R
SC,D,Annie Andrews,R
SD,R,Mike Rounds,R
SD,D,Julian Beaudion,R
TX,R,Ken Paxton,R
TX,D,James Talarico,R
VA,R,Glenn Youngkin,D
VA,D,Mark R. Warner,D