"poll_id","pollster_id","pollster","sponsor_ids","sponsors","display_name","pollster_rating_id","pollster_rating_name","numeric_grade","pollscore","methodology","transparency_score","state","start_date","end_date","sponsor_candidate_id","sponsor_candidate","sponsor_candidate_party","question_id","sample_size","population","subpopulation","population_full","tracking","created_at","notes","url","url_article","url_topline","url_crosstab","source","internal","partisan","cycle","office_type","seat_name","seat_number","election_date","stage","party","pct","answer","candidate_name","candidate_id","race_id","ranked_choice_round","ranked_choice_reallocated","ranked_choice_final","nationwide_match","hypothetical"
"844e3904-87dc-496b-8b51-8747ea9c9a41","","Alaska Survey Research","","","","","","3.0","","","","AK","2026-08-30","2026-08-01","","","","","1495","lv","","","","","","https://x.com/The_Real_ASR/status/2095186398882287632","","","","","","","2026","U.S. Senate","","","2026-11-03","general","DEM","51.0","Mary S. Peltola","Mary S. Peltola","","","","","","",""
"844e3904-87dc-496b-8b51-8747ea9c9a41","","Alaska Survey Research","","","","","","3.0","","","","AK","2026-08-30","2026-08-30","","","","","1495","lv","","","","","","https://x.com/The_Real_ASR/status/2095186398882287632","","","","","","","2026","U.S. Senate","","","2026-11-03","general","REP","49.0","Dan Sullivan","Dan Sullivan","","","","","","",""
"90c64f15-40aa-47f6-9bfb-b349d793d657","","Trafalgar Group","","","","","","2.0","","","","MI","2026-09-14","2026-09-14","","","","","1079","lv","","","","","","https://www.thetrafalgargroup.org/news/mi-sen-general-0910/","","","","","","","2026","U.S. Senate","","","2026-11-03","general","DEM","46.3","Abdul El-Sayed","Abdul El-Sayed","","","","","","",""
"90c64f15-40aa-47f6-9bfb-b349d793d657","","Trafalgar Group","","","","","","2.0","","","","MI","2026-09-14","2026-09-14","","","","","1079","lv","","","","","","https://www.thetrafalgargroup.org/news/mi-sen-general-0910/","","","","","","","2026","U.S. Senate","","","2026-11-03","general","REP","44.8","Mike Rogers","Mike Rogers","","","","","","",""
"1e605154-e48c-4d6e-ac76-30ce9632423f","","YouGov","","","","","","2.7","","","","ME","2026-09-14","2026-09-14","","","","","1335","lv","","","","","","https://d3nkl3psvxxpe9.cloudfront.net/documents/ttw_me_20260902.pdf","","","","","","","2026","U.S. Senate","","","2026-11-03","general","DEM","48.0","Troy Jackson","Troy Jackson","","","","","","",""
"1e605154-e48c-4d6e-ac76-30ce9632423f","","YouGov","","","","","","2.7","","","","ME","2026-09-14","2026-09-14","","","","","1335","lv","","","","","","https://d3nkl3psvxxpe9.cloudfront.net/documents/ttw_me_20260902.pdf","","","","","","","2026","U.S. Senate","","","2026-11-03","general","REP","44.0","Susan Collins","Susan Collins","","","","","","",""
"9d0f4af7-7306-4910-8147-957eb65976f0","","Alaska Survey Research","","","","","","3.0","","","","AK","2026-09-01","2026-09-01","","","","","1495","lv","","","","","","","","","","","","","2026","U.S. Senate","","","2026-11-03","general","DEM","51.0","Mary S. Peltola","Mary S. Peltola","","","","","","",""
"9d0f4af7-7306-4910-8147-957eb65976f0","","Alaska Survey Research","","","","","","3.0","","","","AK","2026-09-01","2026-09-01","","","","","1495","lv","","","","","","","","","","","","","2026","U.S. Senate","","","2026-11-03","general","REP","49.0","Dan Sullivan","Dan Sullivan","","","","","","",""
"c148012b-749c-42dd-b7c5-b66a1bb1dd79","","Marist University","","","","","","2.8","","","","TX","2026-09-24","2026-09-24","","","","","1140","rv","","","","","","https://maristpoll.marist.edu/polls/2026-midterm-elections-in-texas-september-2026/","","","","","","","2026","U.S. Senate","","","2026-11-03","general","DEM","50.0","James Talarico","James Talarico","","","","","","",""
"c148012b-749c-42dd-b7c5-b66a1bb1dd79","","Marist University","","","","","","2.8","","","","TX","2026-09-24","2026-09-24","","","","","1140","rv","","","","","","https://maristpoll.marist.edu/polls/2026-midterm-elections-in-texas-september-2026/","","","","","","","2026","U.S. Senate","","","2026-11-03","general","REP","44.0","Ken Paxton","Ken Paxton","","","","","","",""
"28dc2cbb-d0fe-4273-a782-7c03be340cfb","","Suffolk University","","","","","","2.6","","","","MI","2026-09-24","2026-09-24","","","","","500","lv","","","","","","https://www.suffolk.edu/academics/research-at-suffolk/political-research-center/polls","","","","","","","2026","U.S. Senate","","","2026-11-03","general","DEM","47.0","Abdul El-Sayed","Abdul El-Sayed","","","","","","",""
"28dc2cbb-d0fe-4273-a782-7c03be340cfb","","Suffolk University","","","","","","2.6","","","","MI","2026-09-24","2026-09-24","","","","","500","lv","","","","","","https://www.suffolk.edu/academics/research-at-suffolk/political-research-center/polls","","","","","","","2026","U.S. Senate","","","2026-11-03","general","REP","40.0","Mike Rogers","Mike Rogers","","","","","","",""
"155b56cd-5146-451b-88e9-42f46ff56c25","","Marist University","","","","","","2.8","","","","IA","2026-09-24","2026-09-24","","","","","1050","rv","","","","","","https://maristpoll.marist.edu/polls/2026-midterm-elections-in-iowa-september-2026/","","","","","","","2026","U.S. Senate","","","2026-11-03","general","DEM","50.0","Josh Turek","Josh Turek","","","","","","",""
"155b56cd-5146-451b-88e9-42f46ff56c25","","Marist University","","","","","","2.8","","","","IA","2026-09-24","2026-09-24","","","","","1050","rv","","","","","","https://maristpoll.marist.edu/polls/2026-midterm-elections-in-iowa-september-2026/","","","","","","","2026","U.S. Senate","","","2026-11-03","general","REP","42.0","Ashley Hinson","Ashley Hinson","","","","","","",""
